guid,cc,fn
5dbc359f-5887-4ba1-9386-a820f03f73bb,5554739973042007,Marie-ann Shackel
a214111c-0350-4853-9e23-d43f4bd5ee29,5540868735617702,Cecilius De Filippi
155a566d-aa7b-4dcc-85db-13a160060337,5576600271929739,Decca Goard
5be5c70c-450a-4694-bbcd-d11be30fa143,5583847376787535,Jannelle Shearn
78e7e648-1276-475a-8cd2-b6f5ac6ac8fe,5463312999848292,Jasmina Gieves
4108dad5-fc62-4fff-a15a-0f697effd617,5514150586004427,Pammy Ivanichev
b10c30ad-9bb3-4c1a-af41-894fcd14bb50,5485599205543394,Modesta Reddlesden
2f9789f1-dd70-4c70-a0f4-4858beba91b4,5507925665688987,Ulric Grestye
c651e96d-c217-421f-a873-0d68705e3365,5563104758711640,Julienne Veall
b38fb8d5-0ee8-4701-9ded-2b1dcc312cf9,5541101437136204,Norma Filyakov
8f6d4720-5d98-410e-8387-7363f2cc0033,5555828231486871,Sidnee St. Louis
5fb797ff-fea2-43b9-907b-13bfd6bab4d1,5542554190813444,Paddie Bedding
9b4970bd-48b4-4ea2-969c-d67f597165f6,5531651154419342,Remington Houldin
9eb56e9b-517d-4c81-8d5f-321a11561522,5464694438707265,Jessie Carletto
e179de20-fbec-442b-9941-b5d4c280f4f9,5515836531009862,Mattie Prendergrass
e22e29a9-22aa-42d6-9829-0ba98178ef75,5409825501782201,Borg Jarmain
8eaa6eb4-3384-490a-bd3d-29d11a39f708,5504970264360417,Raina Bantick
c6f5d908-a056-4bf6-b99b-85d8ece74f9b,5545964229827355,Siegfried Grierson
89fc1ad8-e006-4631-af05-43ba3119ea8b,5500129652911810,Britney Nisuis
13db6621-989c-40be-9236-d547da7b21a1,5588211118595596,Beverlie Willatt
799c7f50-9d88-491f-b95e-bcc833854045,5500464749011401,Noland Courtney
bb97b5b9-d6db-4ff2-ae18-cc55bf58d108,5575117464011028,Agathe Heathfield
379daa59-b1d7-4992-8e8c-135f63121fae,5594970174231816,Claus Le Leu
8936b284-e220-4e3b-b9b3-4e56648f4e29,5500949872306719,Suzanne Eberle
16ff5a90-58a0-473e-9b0a-cbc0cd24f825,5465870461358361,Trixi Groombridge
61e5b7b9-b51b-4eda-88ae-3bbf0a5f47df,5481096954228099,Bambie Turvie
493b064c-2abc-4225-9c6b-5f2156f7fd2d,5567147834698923,Kathlin Arrault
03372dfe-9815-469a-8588-4686e2fb7e4e,5534736858507802,Barton O'Hickee
3b2e82e3-89e2-449e-9a59-5306fc1f998a,5415071566145495,Eustace De Brett
efd08919-9283-4253-aac3-5a345d66bed0,5491214859174775,Hayyim Ragg
88ba819f-8e0f-4753-ad5a-4fe1638b7ce4,5597344901533513,Vanda Vasnev
ad43a49d-4e8e-4066-98e6-9a17d98b83ff,5427642306761555,Cass Imlen
47fb4fb2-f156-40ff-a01d-a35e8c167151,5470332348774958,Jessika O' Donohue
15feafa5-742f-4555-a1ab-064977ae59c5,5535489187168552,Modestine Paulig
158fa84b-e924-44cd-b96f-5351ba6ef467,5421245270732515,Hartwell Jaspar
1fc4c7b7-09dd-463e-8326-43e26ca7d139,5574771003087021,Enrika Archbould
02075850-d08e-43c5-bc2b-05c29150fd7a,5429298838184531,Burk Raatz
94105864-2261-45d4-af26-94ab52cf64cf,5462172973216267,Layney Werendell
c85289d4-bd2e-4383-9fd4-fc0791a13185,5463846284917825,Raul De Giovanni
f854bdd2-3095-4612-8fe0-96097e9011d2,5518674136570435,Kendrick Bartrap
66a62473-2b71-4d62-acf7-b66b4aed1c31,5569918761406847,Nerty Hassekl
53b3f455-a9ee-4a12-b558-501399ce030e,5511949365471969,Melita Farryn
22a75669-bc2c-4512-bcb5-c898ee1496fe,5401952604243515,Marybeth Albion
3fa69f90-4dce-48a7-83a6-3fc602e32fc9,5503530935061264,Orelee Tight
9facac9c-afa5-4f7f-8e15-9382dc08e959,5512937614342767,Worth Torrisi
58a09c78-30a0-4df7-876a-b8fc6db35e36,5561704442183965,Milton Kilbey
33729753-6dd3-451a-b310-2d8dbc7fc404,5428211002853733,Shoshana Seaborn
ec5fb891-e58c-4092-997b-8e00dd5d965c,5594692042266077,Harriott Piche
3e55284a-d703-4015-bd2c-894c42d0ef3e,5586457636489075,Worth Southouse
c35e79eb-3da5-4981-92ba-5c2b9e553082,5533711928513651,Malorie Codner
ce4db663-5055-4c86-b02b-deb5ce1f4919,5528241973812144,Brenn Thripp
8daf74c1-ef20-49be-a653-6cbe843bbe40,5507340872020869,Duffy Gapper
a732f5ea-2b4d-4b5d-b082-1f9768625135,5579650163293246,Kariotta Gater
3907ac10-222c-49d3-9dd6-080d3a90227e,5492816072515565,Brendon Walkinshaw
75054595-e861-478f-b2f9-0ee7a23f59bd,5457325089282089,Kass Corker
6a049f09-05f4-424e-b1ea-bdf3fc526241,5574028786518585,Allissa Callaway
3e914fa7-107f-456c-9a2e-40e845cdbd22,5402269121085777,Lura Midlar
84e7b284-4ec7-402d-b2e8-261876374d9c,5452677279357211,Hussein Pirouet
d841471a-5f4c-454d-9151-2532ea54bb4d,5522728767063765,Babbie Edwicker
263d71d9-1009-4e0b-b7cd-1495e15a1017,5592105693394082,Beverley Danilin
797b424c-b0bb-4614-b0cb-4e68e133cbf0,5543027995606098,Eimile Lutwidge
8a8bcefd-cfb9-4f65-a867-4c4d7013aa58,5417200924481486,Anallese Howe
78540dbc-f610-462e-9198-36bb8b9d1d86,5558070250214457,Ursala Bartot
e5855fa9-1443-440a-8994-e4b879dd5864,5522229724453181,Sheilakathryn Klesse
e4c9bba8-2a62-4b94-b1cf-28a80e150afc,5511484351311482,Bailie Andreia
3cf5cd10-7e10-4888-ac6f-1d211c0d4146,5571517907241237,Geoffrey Behrendsen
7da7af58-d4a5-4eea-8fac-2cd677db927f,5406301238168943,Truman Dulany
f734d0c5-8917-468e-afb0-cbb4f68010f9,5452217320911326,Maure Briskey
a4e90de4-80de-4ecf-b06f-6eeca8c65598,5572535234779579,Wilek Crebo
5a5aa10c-f9f6-42ce-8ab5-9a84a4a70aee,5587445996944200,Rutherford Melloy
56d4a89a-54f5-48a5-947c-31411c28cd41,5565773631806906,Ignatius De Ath
9a3d4a06-410e-4ddb-8196-2197ea60190f,5556325387604224,Lulita Bishopp
88ff3fae-0ab2-457f-9564-9fb5db3f6613,5510011758062078,Waly Wadie
4e91d171-3634-4e82-8f18-c8ef0674647b,5511145344574524,Katherine Carette
4ac6c843-5bfb-4cd8-8453-62a76ef484b2,5492556743836780,Hadrian Macer
420b6086-1a98-4171-b2e2-cacff824ea38,5507216857815947,Jeri Dymick
22450e06-c34c-4f6d-bbd0-b29f5e1438e9,5520889759742691,Tom Albro
ce2623a0-b8e8-4c35-a00f-63bcb873e1d4,5515645464607208,Cosme aManger
4a91721a-049e-44f7-8e50-b506412f4475,5520244858046604,Chryste Stocking
1788a474-7558-4576-b998-ba15fd6aea89,5402936316579752,Hayden Gregh
a5abff61-0598-433c-bd03-fd8ef5a17078,5549999599469020,Hubert Vallentin
4165bdec-8686-4759-9aea-108a612e58bd,5498456600061669,Roseanne Skill
7e459d01-d5da-45c2-b157-2913856ac34a,5567505190524118,Yurik Koeppke
cc2fd683-b7f9-47ce-8de0-13ae8ca2a036,5599232272934568,Lew Felton
46752b75-7859-44f6-b6be-477c732cfad3,5449761410391986,Jamaal Ruffy
59401769-564c-4fd5-b51d-fd986d731ec1,5567698824333301,Ogdan Waple
9a15d522-ad8a-49fa-a0ca-9cd8c8afa0e6,5488977866535247,Felice Slaght
0b4aea74-f23c-421d-ac52-e8dc32056c85,5599383256781952,Theodosia Goodright
7489c825-ed9e-4153-9bc4-cce9e10ca812,5409461934312877,Shanan Paul
87ce296c-6753-462c-b177-42cc7d2a9300,5487010147253330,Gery Tombling
439be71e-19d2-433a-82a1-b1dd0327217a,5558792017075372,Janeen Wrotham
4a48e59c-4311-465f-a878-c315c18ab72e,5449538392637879,Rutter Lundon
008f4b60-3010-4c09-bc9e-dda8fdf3cff1,5556161923334392,Orran Mathew
453557f7-d717-465d-8cae-cac54576f25e,5596803407655337,Clem Marjanski
9faf29f5-d2ed-4e97-8c77-39eb03b65216,5530739004186244,Evelyn Itzcak
d52ebcad-3f52-4653-bbb9-663bf187834a,5565673464010164,Cacilie Stout
cd3bb4f5-16ce-40c2-8b1c-70a8e0dc2fd0,5511823568426387,Auroora Lymer
c6415303-24ac-408b-b107-43d47cf6b3b4,5522732872379728,Rob Geraud
e4feb8e9-e089-4d9f-9e9d-853a6dc0d9a0,5416368517893176,Eden McAughtry
34196b19-73d3-4af8-b3eb-5d1f1d9bf80e,5484608280815873,Cullan Dugald
7544fda7-924d-466d-8c97-f867299a4926,5558687031633992,Fiorenze McNeely
97352a2a-a11c-4a96-b40a-3ea70c7397e2,5469689237121275,Cody Delacroux
4ec34fdd-c17d-4f58-a730-89de183ed292,5596807699872948,Gail Gristhwaite
a4065603-3534-41d1-adc3-13a736790542,5553223531279188,Wallie Pietsma
b907d2d4-b562-40eb-b57d-3408bccecba5,5464591384133365,Ki Taill
bf204b4b-8ad6-4333-b0cb-e5e7df32c8eb,5534389554910845,Lorenzo Leagas
8907ae51-4ae5-4bb9-979c-aca93688ab80,5598177544758884,Maryellen Fretwell
8b534f13-f8b0-4073-91e5-e6add4d51d3b,5489397860129344,Anni Yeldon
a461b25c-5191-41c6-afe6-e487a0998d6e,5467276268999522,Tommie Ronci
e83fe8a5-a7fe-4901-9fb1-83df7e0c458b,5505959268967904,Lavena Nash
c4233080-866e-4ee1-8cae-853efbf42c92,5510990835925557,Jerrine Eberdt
7ec7f2c3-42a2-411b-9174-e77f6b1485e8,5492027326573703,Wash Fishpond
175689c5-fc14-4f08-9a86-4e1a4bec8345,5522444873121386,Morgan Olyunin
33f39248-0b28-472e-964e-949187f5dba3,5541765032499751,Adiana Hovington
adc76181-7b86-43f6-8d5c-fea767ef823f,5517212969661160,Tomi Goede
448fc3e9-e2fa-40ee-bc2c-ab546b18f307,5547243837903074,Kristofor Bartolini
c9558f5f-7157-4c76-b8e4-9abff5c6cbf8,5528201792448793,Netti Loughlin
abef5305-ec99-4951-91fc-ae1ead71dbc1,5482875303610860,Lee Rickerd
fefb65a7-ae1c-410b-8000-73cf6ade9116,5596519111460935,Costa Surplice
375425b5-e9bf-475d-8db8-3d73f550a4fb,5456543062142127,Theodosia Extall
a2546fb8-94e1-4a2f-b0a6-5548816f56e3,5456006977801187,Raul Belchambers
d4688c19-06e7-420b-8c54-d66bc85cd857,5511493634629834,Brear Kornacki
90def4c0-d3da-45e3-bdb4-3a6e5bee80f7,5420596195824634,Odele Strewther
a1d6c0d1-9f2a-44c6-a37b-7ef3c5c82541,5519348274376736,Juana Slamaker
281033b4-4ace-423f-b1eb-afc9158fda8a,5549020584025345,Hulda Lamburn
f8e05107-3bd6-445c-a177-f6a70a91e01d,5476968825223169,Katheryn Jedrych
fe6772ac-8c22-4133-87f7-533b4ca41788,5547571626472509,Birk De Hooge
922c0680-f9b4-4c06-9c1b-d55ea2b4d7dc,5474582571288417,Monica Abrahmovici
8049cbe6-9aa4-48f0-9bd0-b5f52cc51e45,5429538743473226,Shannon Tiler
5a5a15be-1a26-4693-b978-8c7fae2ea516,5577102003460108,Rhonda Hambridge
beb5350f-ff66-4cab-a030-a3b0191bc692,5421238966593887,Tobias Ferguson
f02be2ec-b9ac-4354-b12f-beb5ff2db14e,5471644550960532,Cullen Backshaw
de3b81c3-eaea-43d3-a3cd-6cd13db73a34,5421205501964329,Horton Cockerill
13946dd1-160b-4259-8f0f-53137f90af36,5588205769756176,Woodrow McAne
d1e5e566-8dd9-425e-b355-6158c56c94be,5442293270058320,Floria Casier
b00a275e-a59f-4a40-998d-af962172146c,5588308507833990,Chiquia Featherstone
c0d5fd6b-2b06-4eb3-b68c-1eac73f3eb0f,5408154566214955,Leonardo Pont
2145cc2f-c2c5-48da-ac51-e7e02e29ae5b,5451946813464051,Ardisj Michin
5b2690dd-4e5a-4e0c-821b-6d3d2a6b9bad,5496678673429117,Elva Penquet
13e8ddc4-2510-460e-b2da-2147b818d271,5553200233165188,Terra Wikey
bbc3e5ec-f7fb-4705-a9de-904fa7e9695d,5587425283384427,Conney Stickens
74186301-f88f-4844-a91b-5ca8a3e246b4,5500764171089407,Hermy Scopham
d3c1fbea-8368-4a52-9a28-ea7d04f797b0,5445318551862327,Nilson Estcot
447c4953-3e6d-422d-8310-76037456acc2,5589243362243903,Adrian Robken
903e3379-8f78-4b67-9a35-b35bcfa97b71,5507235188541048,Leanna Poor
a3f40a2c-4ff5-4021-ab45-6f8b158c9d74,5529564406555629,Shaun Cobon
efbdaa3c-76f3-4f50-9113-9c007a6ffcfa,5525476986293063,Lavinie Chastelain
e35f348e-f4b1-44a7-8eb2-bb84209309b7,5439300834408696,Min Tapsfield
9c87e21f-2869-425d-9347-1f4042a9e7e2,5590957411914332,Ruthanne Rutherfoord
62e4a7c4-b4bc-4f63-8695-6fcb291b56ec,5525034633648989,Kristi Hanmore
9c321b33-84f9-4273-9462-a6c34149ff3a,5462199159524271,Mufinella Peaurt
97a03326-99e9-4446-9120-4eeb0477d657,5486199206547533,Nikos McMeyler
5ff4f69e-8ffe-4995-b09b-db331aa70000,5515308320956018,Locke Keeble
18ce27f0-872a-4625-b2c8-8e0820fdb5b5,5538757701286218,Lawry Blencoe
0df69d1f-3f97-4bce-bf75-5a8afcf65c3d,5545424203174282,Cam Laws
dc695849-0924-422b-b802-1e25276f0370,5436381744993533,Arabella Pile
baf3d549-feaa-448c-8f29-7f1e6bbbd0e3,5504391097741154,Hadria Mee
90900197-6a38-4768-bb4b-fbf03c0918e7,5521383211178818,Cary Gresswell
f08eb55f-e542-41ed-8bb7-52ada869770d,5542706401810052,Brunhilde Bover
aca5bba8-279f-454e-9845-4eaad8910435,5465106587650773,Whit Gwatkins
c8be546a-ba6e-4ba2-b84f-5ca6a46b6938,5460129416936291,Yasmeen Kenshole
b69e52fa-5dd7-47b3-a37f-6aa301c2b542,5402756459765376,Kort Blagden
a3d695bc-e942-4cf3-936a-579f760fa3d0,5469940590443255,Ainslee Boydon
86dab259-6bbf-414e-8570-ceb0552b8a69,5454795282013270,Dedie Sarch
969de9f1-4e89-42bf-807b-010a057b034e,5420908497390745,Zollie Taylot
b392abde-dfd0-4146-b2a9-bc0673c1ab7f,5435084204343667,Oby Speedy
c9a0ea23-7c33-4aa3-8cbd-d33a91b7ccec,5503955651380533,Harrie Sweedland
4d37df70-7bd6-4f26-a704-4bb266771035,5400869940793345,Jory Escala
a67c8d5a-0d71-47f4-98c1-0caac990dc8e,5401888465697557,Dulce Hurford
7f2c6634-8da7-46e0-876d-099b92ad0e51,5434639123507469,Agretha Teideman
bff7d520-7889-4353-8c1f-bd153f5a5dd2,5553660187153607,Fidela Jakov
bccc42cd-2d83-4a90-a1e9-078903da9943,5462118791479637,Gearard Reville
18820125-890f-4611-b5de-bc1a0939f371,5579800510996021,Fulton Feaveryear
2def564e-97c7-47ca-a131-38c8dd96ce11,5418981467917437,Clemence Pagram
243f17c0-6480-4d76-a3b2-8f0c21f21bae,5492966855136566,Rosene Gingold
65af048c-ce30-434f-bf78-91df066ab6b7,5469861762801619,Jo-ann Defond
1c7fcd29-e328-4cb8-874a-c2d16b29e441,5450709492443270,Linus Perott
f33af3e0-679d-4bad-8d04-2df857926cfc,5522586101982813,Giffy Chree
595de10b-3ea3-4313-8cff-4baaa829e686,5414369648873048,Albert Abbot
2f9e36f6-8087-41d6-a329-17b9caee4497,5470925786604429,Cy Braams
0e8f8971-6271-4bf4-9fec-0fc1823fe597,5521778401540117,Camile Farrar
0e2caa72-96bb-4ed9-9a18-61e16e9a88e5,5536287345121086,Fionna Constant
293e16af-676f-44ed-b326-2c34b93fe6d7,5591302085192155,Gib Macartney
8c583f79-7952-4d63-817a-fdf568cad4de,5428996168396390,Nappy Morrell
dbaaaa38-92b7-47f7-a7cf-0cc89bd81dd5,5547491058997297,Merry Hauxley
065b0dc0-4a46-4fae-a438-2d30eec11106,5404674121856911,Lotti Austing
fbfc8c8b-2809-4928-9255-4fdfaf47ef82,5549829498008332,Arvy Deere
bb46a4b8-20b2-4aa3-8c8a-fdca41566492,5400018604492501,Carmita By
b7016d99-adc2-4438-96a3-630509e8e734,5530901698008601,Slade Oppie
d6d81ebe-95a3-4e72-bec2-761ed6659e2d,5420867248978044,Caspar Allom
aa523365-b0bd-4f96-beb8-bce5d6ce7d8b,5566171936776388,Colene Darker
fcdd8222-6344-4da6-98ae-bb47f7c1b9cb,5456297943530048,Rubina Mathevet
bba10b9f-cb09-4ed8-ac4f-bd8ad698196b,5564184629789230,Wiley Covotto
094ebf51-54fe-4c8d-8861-1b4ffbcdfd47,5435912756515888,Rob Dymock
ce3aecc3-e414-422b-8eda-5f20224a3fc1,5506408917798970,Gerri Luca
c4209213-e71c-4ca8-8bc1-939e6a7b1533,5502265960045087,Ashli Ketley
0ca8232a-65f6-413d-87c9-743b2887d068,5409002329860987,Lauralee Saunter
96153e9b-6545-4016-9efa-dfd623174a99,5548381387948682,Barthel Jolland
941df25d-9f93-4f34-8c03-3bc3c0577b0e,5423088089874898,Mora Curley
0dd93dd9-04bc-43aa-9bf7-a8ff509241ea,5557099685973743,Morganne Uttley
